Patient #,Rec1stA,Rec2ndA,Rec1stB,Rec2ndB,Rec1stC,Rec2ndC,1stDRB,2ndDRB,1stDQB,2ndDQB,1stDPB,2ndDPB,Don1stA,Don2ndA,Don1stB,Don2ndB,Don1stC,Don2ndC,1stDRB,2ndDRB,1stDQB,2ndDQB,1stDPB,2ndDPB,A all MM GVH,B all MM GVH,C all MM GVH,DRB1 all MM GVH,DQB1 all MM GVH,DPB1 all MM GVH,A all MM HVG,B all MM HVG,C all MM HVG,DRB1 all MM HVG,DQB1 all MM HVG,DPB1 all MM HVG,A Ag MM GVH,B Ag MM GVH,C Ag MM GVH,DRB1 Ag MM GVH,DQB1 Ag MM GVH,DPB1 Ag MM GVH,A Ag MM HVG,B Ag MM HVG,C Ag MM HVG,DRB1 Ag MM HVG,DQB1 Ag MM HVG,DPB1 Ag MM HVG
1,A*03:01,A*25:01,B*07:02,B*18:01,C*07:02,C*12:03,DRB1*04:03,DRB1*04:01,DQB1*03:02,DQB1*03:02,DPB1*04:01,DPB1*03:01,A*02:01,A*25:01,B*13:02,B*18:01,C*06:02,C*12:03,DRB1*07:01,DRB1*04:01,DQB1*02:02,DQB1*03:02,DPB1*04:01,DPB1*03:01,,,,,,,,,,,,,,,,,,,,,,,,
2,A*02:01,A*03:01,B*44:02,B*14:02,C*05:01,C*08:02,DRB1*04:01,DRB1*03:01,DQB1*03:01,DQB1*02:01,DPB1*03:01,DPB1*04:01,A*02:01,A*02:01,B*44:02,B*39:01,C*05:01,C*12:03,DRB1*04:01,DRB1*16:01,DQB1*03:01,DQB1*05:02,DPB1*03:01,DPB1*04:02,,,,,,,,,,,,,,,,,,,,,,,,
3,A*01:01,A*68:01,B*07:02,B*44:02,C*07:02,C*07:04,DRB1*15:01,DRB1*11:01,DQB1*06:02,DQB1*03:01,DPB1*04:01,DPB1*04:01,A*01:01,A*01:01,B*07:02,B*57:01,C*07:02,C*06:02,DRB1*15:01,DRB1*15:01,DQB1*06:02,DQB1*06:02,DPB1*04:01,DPB1*04:01,,,,,,,,,,,,,,,,,,,,,,,,
4,A*01:01,A*03:01,B*44:03,B*07:02,C*16:01,C*07:02,DRB1*07:01,DRB1*14:01,DQB1*02:02,DQB1*05:03,DPB1*02:01,DPB1*03:01,A*01:01,A*01:01,B*44:03,B*08:01,C*16:01,C*07:01,DRB1*07:01,DRB1*03:01,DQB1*02:02,DQB1*02:01,DPB1*02:01,DPB1*04:01,,,,,,,,,,,,,,,,,,,,,,,,
5,A*02:01,A*24:02,B*27:05,B*55:01,C*01:02,C*03:03,DRB1*15:01,DRB1*07:01,DQB1*06:02,DQB1*02:02,DPB1*04:01,DPB1*02:01,A*02:01,A*02:01,B*27:05,B*40:01,C*01:02,C*03:04,DRB1*15:01,DRB1*01:01,DQB1*06:02,DQB1*05:01,DPB1*04:01,DPB1*13:01,,,,,,,,,,,,,,,,,,,,,,,,
6,A*02:01,A*31:01,B*51:01,B*40:02,C*15:02,C*02:02,DRB1*12:01,DRB1*13:01,DQB1*03:01,DQB1*06:03,DPB1*04:02,DPB1*04:01,A*02:01,A*02:01,B*51:01,B*40:01,C*15:02,C*03:04,DRB1*12:01,DRB1*08:01,DQB1*03:01,DQB1*04:02,DPB1*04:02,DPB1*03:01,,,,,,,,,,,,,,,,,,,,,,,,
7,A*02:01,A*31:01,B*44:02,B*40:01,C*05:01,C*03:04,DRB1*04:01,DRB1*04:04,DQB1*03:01,DQB1*03:02,DPB1*04:01,DPB1*10:01,A*01:01,A*31:01,B*08:01,B*40:01,C*07:01,C*03:04,DRB1*03:01,DRB1*04:04,DQB1*02:02,DQB1*03:02,DPB1*03:01,DPB1*10:01,,,,,,,,,,,,,,,,,,,,,,,,
8,A*29:02,A*32:01,B*44:03,B*44:02,C*16:01,C*05:01,DRB1*07:01,DRB1*04:04,DQB1*02:02,DQB1*03:02,DPB1*04:01,DPB1*06:01,A*26:01,A*32:01,B*35:03,B*44:02,C*04:01,C*05:01,DRB1*11:01,DRB1*04:04,DQB1*03:01,DQB1*03:02,DPB1*03:01,DPB1*20:01,,,,,,,,,,,,,,,,,,,,,,,,
9,A*03:01,A*02:17,B*35:01,B*35:01,C*04:01,C*04:01,DRB1*08:01,DRB1*04:04,DQB1*04:02,DQB1*03:02,DPB1*04:02,DPB1*16:01,A*03:01,A*01:01,B*35:01,B*08:01,C*04:01,C*07:01,DRB1*08:01,DRB1*03:01,DQB1*04:02,DQB1*02:01,DPB1*04:02,DPB1*01:01,,,,,,,,,,,,,,,,,,,,,,,,
10,A*26:01,A*02:01,B*38:01,B*44:03,C*12:03,C*16:01,DRB1*14:01,DRB1*07:01,DQB1*05:03,DQB1*02:02,DPB1*04:01,DPB1*04:01,A*02:01,A*26:01,B*44:03,B*51:01,C*16:01,C*01:02,DRB1*07:01,DRB1*11:01,DQB1*02:02,DQB1*03:01,DPB1*04:01,DPB1*04:02,,,,,,,,,,,,,,,,,,,,,,,,
11,A*02:01,A*68:01,B*44:02,B*51:01,C*05:01,C*15:02,DRB1*04:01,DRB1*01:01,DQB1*03:02,DQB1*05:01,DPB1*04:01,DPB1*16:01,A*02:01,A*02:01,B*44:02,B*44:02,C*05:01,C*05:01,DRB1*04:01,DRB1*04:01,DQB1*03:02,DQB1*03:02,DPB1*04:01,DPB1*04:01,,,,,,,,,,,,,,,,,,,,,,,,
12,A*01:01,A*33:03,B*38:01,B*35:01,C*12:03,C*04:01,DRB1*04:02,DRB1*04:02,DQB1*03:02,DQB1*03:02,DPB1*04:01,DPB1*04:01,A*02:01,A*33:03,B*40:01,B*35:01,C*03:04,C*04:01,DRB1*11:01,DRB1*04:02,DQB1*03:01,DQB1*03:02,DPB1*04:01,DPB1*04:01,,,,,,,,,,,,,,,,,,,,,,,,
13,A*02:02,A*68:02,B*81:AB,B*35:01,C*08:04,C*04:01,DRB1*12:91,DRB1*13:02,DQB1*05:01,DQB1*05:02,DPB1*15:01,DPB1*18:01,A*02:02,A*30:01,B*81:AB,B*39:10,C*08:04,C*12:03,DRB1*12:01,DRB1*07:01,DQB1*05:01,DQB1*02:02,DPB1*15:01,DPB1*11:01,,,,,,,,,,,,,,,,,,,,,,,,
14,A*03:01,A*24:02,B*14:02,B*14:02,C*08:02,C*08:02,DRB1*01:02,DRB1*01:02,DQB1*05:01,DQB1*05:01,DPB1*04:01,DPB1*04:01,A*03:01,A*24:02,B*14:02,B*35:01,C*08:02,C*04:01,DRB1*01:02,DRB1*11:04,DQB1*05:01,DQB1*03:01,DPB1*04:01,DPB1*04:01,,,,,,,,,,,,,,,,,,,,,,,,
15,A*24:02,A*02:01,B*44:05,B*15:01,C*02:02,C*03:04,DRB1*04:01,DRB1*04:01,DQB1*03:02,DQB1*03:02,DPB1*04:01,DPB1*16:01,A*24:02,A*02:01,B*44:05,B*44:02,C*02:02,C*05:01,DRB1*04:01,DRB1*04:01,DQB1*03:02,DQB1*03:02,DPB1*04:01,DPB1*16:01,,,,,,,,,,,,,,,,,,,,,,,,
16,A*02:01,A*24:02,B*51:01,B*07:02,C*05:01,C*07:02,DRB1*11:01,DRB1*07:01,DQB1*03:01,DQB1*03:03,DPB1*04:01,DPB1*04:01,A*02:01,A*02:01,B*51:01,B*44:02,C*05:01,C*05:01,DRB1*11:01,DRB1*15:01,DQB1*03:01,DQB1*06:02,DPB1*04:01,DPB1*04:01,,,,,,,,,,,,,,,,,,,,,,,,
17,A*24:02,A*02:01,B*55:01,B*44:02,C*01:02,C*05:01,DRB1*13:01,DRB1*01:03,DQB1*06:03,DQB1*05:01,DPB1*04:01,DPB1*04:02,A*24:02,A*02:01,B*35:01,B*44:02,C*04:01,C*05:01,DRB1*13:01,DRB1*01:03,DQB1*06:03,DQB1*05:01,DPB1*04:01,DPB1*04:02,,,,,,,,,,,,,,,,,,,,,,,,
18,A*23:01,A*26:01,B*44:03,B*38:01,C*04:01,C*12:03,DRB1*07:01,DRB1*04:04,DQB1*02:02,DQB1*03:02,DPB1*03:01,DPB1*04:01,A*68:01,A*26:01,B*44:02,B*38:01,C*07:04,C*12:03,DRB1*11:01,DRB1*04:04,DQB1*03:02,DQB1*03:02,DPB1*03:01,DPB1*03:01,,,,,,,,,,,,,,,,,,,,,,,,
19,A*29:02,A*68:01,B*15:16,B*39:01,C*14:02,C*12:03,DRB1*04:01,DRB1*13:01,DQB1*03:01,DQB1*06:03,DPB1*03:01,DPB1*02:01,A*29:02,A*02:01,B*15:16,B*46:01,C*14:02,C*01:02,DRB1*04:01,DRB1*08:03,DQB1*03:01,DQB1*06:01,DPB1*03:01,DPB1*05:01,,,,,,,,,,,,,,,,,,,,,,,,
20,A*24:02,A*25:01,B*50:01,B*08:01,C*06:02,C*07:01,DRB1*07:01,DRB1*03:01,DQB1*02:02,DQB1*02:01,DPB1*17:01,DPB1*01:01,A*11:01,A*25:01,B*57:01,B*08:01,C*07:02,C*07:01,DRB1*01:01,DRB1*03:01,DQB1*05:01,DQB1*02:01,DPB1*04:01,DPB1*01:01,,,,,,,,,,,,,,,,,,,,,,,,
21,A*30:02,A*03:01,B*44:03,B*15:03,C*04:01,C*16:01,DRB1*13:04,DRB1*13:01,DQB1*03:01,DQB1*05:01,DPB1*17:01,DPB1*105:01,A*30:02,A*02:01,B*44:03,B*08:01,C*04:01,C*07:01,DRB1*13:04,DRB1*03:01,DQB1*03:01,DQB1*02:01,DPB1*17:01,DPB1*02:01,,,,,,,,,,,,,,,,,,,,,,,,
22,A*03:01,A*68:01,B*51:01,B*51:01,C*14:02,C*16:02,DRB1*15:02,DRB1*15:02,DQB1*06:01,DQB1*06:01,DPB1*04:01,DPB1*14:01,A*33:03,A*68:01,B*15:02,B*51:01,C*08:01,C*16:02,DRB1*15:01,DRB1*15:02,DQB1*06:01,DQB1*06:01,DPB1*28:01,DPB1*14:01,,,,,,,,,,,,,,,,,,,,,,,,
23,A*01:01,A*68:01,B*08:01,B*44:02,C*07:01,C*07:04,DRB1*03:01,DRB1*11:01,DQB1*02:01,DQB1*03:01,DPB1*02:01,DPB1*04:01,A*01:01,A*68:01,B*08:01,B*44:02,C*07:01,C*07:04,DRB1*03:01,DRB1*11:01,DQB1*02:01,DQB1*03:01,DPB1*02:01,DPB1*01:01,,,,,,,,,,,,,,,,,,,,,,,,
24,A*01:02,A*34:02,B*49:01,B*44:03,C*07:01,C*06:02,DRB1*08:04,DRB1*09:01,DQB1*04:02,DQB1*02:02,DPB1*17:01,DPB1*18:01,A*02:02,A*34:02,B*53:01,B*44:03,C*04:01,C*06:02,DRB1*15:03,DRB1*09:01,DQB1*06:02,DQB1*02:02,DPB1*02:01,DPB1*18:01,,,,,,,,,,,,,,,,,,,,,,,,
25,A*01:01,A*02:01,B*08:01,B*44:02,C*07:01,C*05:01,DRB1*03:01,DRB1*04:04,DQB1*02:01,DQB1*03:02,DPB1*02:01,DPB1*06:01,A*01:01,A*24:02,B*08:01,B*40:02,C*07:01,C*02:02,DRB1*03:01,DRB1*14:01,DQB1*02:01,DQB1*05:03,DPB1*02:01,DPB1*04:01,,,,,,,,,,,,,,,,,,,,,,,,
26,A*24:02,A*11:01,B*18:01,B*35:01,C*12:03,C*04:01,DRB1*11:04,DRB1*01:01,DQB1*03:01,DQB1*05:01,DPB1*04:01,DPB1*09:01,A*24:02,A*11:01,B*18:01,B*14:02,C*12:03,C*08:02,DRB1*11:04,DRB1*01:02,DQB1*03:01,DQB1*05:01,DPB1*02:01,DPB1*04:01,,,,,,,,,,,,,,,,,,,,,,,,
27,A*03:01,A*68:01,B*38:01,B*35:03,C*12:03,C*04:01,DRB1*13:01,DRB1*04:01,DQB1*06:03,DQB1*03:02,DPB1*04:01,DPB1*04:01,A*02:01,A*68:01,B*39:01,B*35:03,C*15:02,C*04:01,DRB1*08:03,DRB1*04:01,DQB1*03:02,DQB1*03:02,DPB1*23:01,DPB1*04:01,,,,,,,,,,,,,,,,,,,,,,,,
28,A*03:01,A*02:02,B*49:01,B*18:01,C*07:01,C*05:01,DRB1*12:01,DRB1*03:02,DQB1*05:01,DQB1*04:02,DPB1*11:01,DPB1*01:01,A*36:01,A*02:02,B*53:01,B*18:01,C*04:01,C*05:01,DRB1*11:01,DRB1*03:02,DQB1*06:02,DQB1*04:02,DPB1*105:01,DPB1*01:01,,,,,,,,,,,,,,,,,,,,,,,,
29,A*02:01,A*26:01,B*41:01,B*38:01,C*17:01,C*12:03,DRB1*13:02,DRB1*15:01,DQB1*06:04,DQB1*06:02,DPB1*03:01,DPB1*02:01,A*01:01,A*26:01,B*08:01,B*38:01,C*07:01,C*12:03,DRB1*03:01,DRB1*15:01,DQB1*02:01,DQB1*06:02,DPB1*04:01,DPB1*02:01,,,,,,,,,,,,,,,,,,,,,,,,
30,A*02:01,A*02:01,B*14:02,B*15:01,C*08:02,C*03:04,DRB1*04:01,DRB1*13:02,DQB1*06:09,DQB1*03:02,DPB1*04:01,DPB1*05:01,A*02:01,A*02:01,B*14:02,B*44:02,C*08:02,C*05:01,DRB1*04:01,DRB1*13:02,DQB1*06:09,DQB1*03:01,DPB1*04:01,DPB1*05:01,,,,,,,,,,,,,,,,,,,,,,,,
31,A*02:01,A*29:02,B*15:01,B*44:03,C*04:01,C*16:01,DRB1*08:01,DRB1*07:01,DQB1*04:02,DQB1*02:02,DPB1*03:01,DPB1*11:01,A*02:01,A*02:05,B*15:01,B*15:17,C*04:01,C*01:02,DRB1*08:01,DRB1*14:01,DQB1*04:02,DQB1*05:03,DPB1*03:01,DPB1*04:01,,,,,,,,,,,,,,,,,,,,,,,,
32,A*02:01,A*23:01,B*07:02,B*44:03,C*07:02,C*04:01,DRB1*15:01,DRB1*07:01,DQB1*06:02,DQB1*02:02,DPB1*04:02,DPB1*15:01,A*24:02,A*23:01,B*50:02,B*44:03,C*06:02,C*04:01,DRB1*04:06,DRB1*07:01,DQB1*04:02,DQB1*02:02,DPB1*02:01,DPB1*15:01,,,,,,,,,,,,,,,,,,,,,,,,
33,A*68:01,A*02:01,B*40:01,B*27:05,C*03:04,C*01:02,DRB1*13:02,DRB1*11:01,DQB1*06:04,DQB1*03:01,DPB1*04:01,DPB1*02:01,A*01:01,A*02:01,B*08:01,B*27:05,C*07:01,C*01:02,DRB1*07:01,DRB1*11:01,DQB1*02:02,DQB1*03:01,DPB1*11:01,DPB1*02:01,,,,,,,,,,,,,,,,,,,,,,,,
34,A*01:01,A*33:01,B*08:01,B*14:02,C*07:01,C*08:02,DRB1*03:01,DRB1*01:02,DQB1*02:01,DQB1*05:01,DPB1*04:01,DPB1*03:01,A*01:01,A*02:01,B*08:01,B*35:03,C*07:01,C*04:01,DRB1*03:01,DRB1*12:01,DQB1*02:01,DQB1*03:01,DPB1*04:01,DPB1*04:01,,,,,,,,,,,,,,,,,,,,,,,,
35,A*03:01,A*23:01,B*58:02,B*53:01,C*06:02,C*08:02,DRB1*07:01,DRB1*11:01,DQB1*02:02,DQB1*03:19,DPB1*105:01,DPB1*13:01,A*03:01,A*02:01,B*58:02,B*07:02,C*06:02,C*07:02,DRB1*07:01,DRB1*04:01,DQB1*02:02,DQB1*03:02,DPB1*105:01,DPB1*02:01,,,,,,,,,,,,,,,,,,,,,,,,
36,A*02:01,A*03:01,B*57:01,B*38:01,C*06:02,C*12:03,DRB1*13:05,DRB1*13:01,DQB1*02:01,DQB1*06:03,DPB1*02:01,DPB1*04:01,A*02:01,A*11:01,B*57:01,B*35:02,C*06:02,C*04:01,DRB1*13:05,DRB1*11:04,DQB1*03:01,DQB1*06:03,DPB1*02:01,DPB1*04:01,,,,,,,,,,,,,,,,,,,,,,,,
37,A*24:02,A*33:03,B*15:01,B*35:01,C*06:02,C*04:01,DRB1*15:01,DRB1*01:01,DQB1*06:01,DQB1*05:01,DPB1*04:01,DPB1*01:01,A*68:01,A*24:02,B*14:02,B*15:01,C*08:02,C*06:02,DRB1*13:02,DRB1*15:01,DQB1*06:09,DQB1*06:02,DPB1*05:01,DPB1*04:01,,,,,,,,,,,,,,,,,,,,,,,,
38,A*02:01,A*24:02,B*15:01,B*07:02,C*03:04,C*07:02,DRB1*04:01,DRB1*15:01,DQB1*03:02,DQB1*06:02,DPB1*04:02,DPB1*13:01,A*02:01,A*24:02,B*15:01,B*08:01,C*03:04,C*07:02,DRB1*04:01,DRB1*03:01,DQB1*03:02,DQB1*02:01,DPB1*04:02,DPB1*04:01,,,,,,,,,,,,,,,,,,,,,,,,
39,A*01:01,A*03:01,B*51:01,B*07:02,C*06:02,C*07:02,DRB1*11:04,DRB1*15:01,DQB1*02:01,DQB1*06:02,DPB1*04:01,DPB1*04:01,A*01:01,A*02:01,B*51:01,B*15:01,C*06:02,C*03:03,DRB1*11:04,DRB1*15:01,DQB1*03:01,DQB1*06:02,DPB1*04:01,DPB1*04:01,,,,,,,,,,,,,,,,,,,,,,,,
40,A*02:01,A*29:02,B*14:01,B*44:03,C*08:02,C*16:01,DRB1*07:01,DRB1*15:01,DQB1*02:02,DQB1*06:02,DPB1*04:01,DPB1*11:01,A*02:01,A*29:02,B*14:01,B*44:03,C*08:02,C*16:01,DRB1*07:01,DRB1*15:01,DQB1*02:02,DQB1*06:02,DPB1*04:01,DPB1*11:01,,,,,,,,,,,,,,,,,,,,,,,,
41,A*02:01,A*68:01,B*40:02,B*39:05,C*03:04,C*07:02,DRB1*08:02,DRB1*08:02,DQB1*04:02,DQB1*04:02,DPB1*04:02,DPB1*14:01,A*02:01,A*02:01,B*40:02,B*15:04,C*03:04,C*01:02,DRB1*08:02,DRB1*09:01,DQB1*04:02,DQB1*03:03,DPB1*04:02,DPB1*13:01,,,,,,,,,,,,,,,,,,,,,,,,
42,A*03:01,A*33:01,B*27:05,B*14:02,C*02:02,C*08:02,DRB1*15:01,DRB1*01:02,DQB1*06:02,DQB1*05:01,DPB1*03:01,DPB1*10:01,A*03:01,A*01:01,B*27:05,B*57:01,C*02:02,C*06:02,DRB1*15:01,DRB1*07:01,DQB1*06:02,DQB1*03:03,DPB1*03:01,DPB1*10:01,,,,,,,,,,,,,,,,,,,,,,,,
43,A*29:02,A*03:01,B*44:03,B*51:01,C*16:01,C*15:02,DRB1*07:01,DRB1*14:01,DQB1*02:02,DQB1*05:03,DPB1*03:01,DPB1*04:01,A*02:01,A*03:01,B*07:02,B*51:01,C*07:02,C*15:02,DRB1*15:01,DRB1*14:01,DQB1*06:02,DQB1*05:03,DPB1*03:01,DPB1*04:01,,,,,,,,,,,,,,,,,,,,,,,,
44,A*02:01,A*02:17,B*50:01,B*50:01,C*06:02,C*06:02,DRB1*12:01,DRB1*07:01,DQB1*03:01,DQB1*02:02,DPB1*03:01,DPB1*03:01,A*02:01,A*02:01,B*50:01,B*40:01,C*06:02,C*03:04,DRB1*12:01,DRB1*13:02,DQB1*03:01,DQB1*06:04,DPB1*03:01,DPB1*158:01,,,,,,,,,,,,,,,,,,,,,,,,
45,A*23:01,A*02:01,B*58:01,B*40:01,C*07:18,C*03:04,DRB1*04:03,DRB1*13:02,DQB1*03:02,DQB1*06:04,DPB1*02:01,DPB1*05:01,A*23:CJT,A*02:01,B*58:01,B*39:06,C*07:18,C*07:02,DRB1*04:03,DRB1*08:01,DQB1*03:02,DQB1*04:02,DPB1*02:01,DPB1*03:01,,,,,,,,,,,,,,,,,,,,,,,,
46,A*03:01,A*68:01,B*35:01,B*44:02,C*04:01,C*07:04,DRB1*01:01,DRB1*04:08,DQB1*05:01,DQB1*03:01,DPB1*02:01,DPB1*04:02,A*03:01,A*01:01,B*35:01,B*08:01,C*04:01,C*07:01,DRB1*01:01,DRB1*01:01,DQB1*05:01,DQB1*05:01,DPB1*02:01,DPB1*04:02,,,,,,,,,,,,,,,,,,,,,,,,
47,A*30:04,A*24:02,B*35:01,B*52:01,C*04:01,C*12:02,DRB1*11:04,DRB1*11:03,DQB1*03:01,DQB1*03:01,DPB1*02:01,DPB1*04:01,A*02:01,A*24:02,B*27:05,B*52:01,C*01:02,C*12:02,DRB1*01:01,DRB1*11:03,DQB1*05:01,DQB1*03:01,DPB1*04:01,DPB1*04:01,,,,,,,,,,,,,,,,,,,,,,,,
48,A*01:01,A*03:01,B*40:01,B*07:02,C*07:02,C*07:02,DRB1*04:04,DRB1*04:01,DQB1*03:01,DQB1*03:01,DPB1*04:01,DPB1*04:01,A*01:01,A*03:01,B*08:01,B*07:02,C*07:01,C*07:02,DRB1*01:01,DRB1*04:01,DQB1*05:01,DQB1*03:01,DPB1*10:01,DPB1*04:01,,,,,,,,,,,,,,,,,,,,,,,,
49,A*02:01,A*33:03,B*81:01,B*58:01,C*18:01,C*03:02,DRB1*15:03,DRB1*13:02,DQB1*06:02,DQB1*06:09,DPB1*02:01,DPB1*03:01,A*02:01,A*66:01,B*81:01,B*45:01,C*18:01,C*06:02,DRB1*15:03,DRB1*12:01,DQB1*06:02,DQB1*05:01,DPB1*02:01,DPB1*13:01,,,,,,,,,,,,,,,,,,,,,,,,
50,A*11:01,A*01:02,B*51:01,B*58:02,C*15:02,C*06:02,DRB1*04:01,DRB1*12:01,DQB1*03:02,DQB1*05:01,DPB1*04:02,DPB1*18:01,A*03:01,A*01:02,B*35:01,B*58:02,C*04:01,C*06:02,DRB1*07:01,DRB1*12:01,DQB1*02:02,DQB1*05:01,DPB1*39:01,DPB1*18:01,,,,,,,,,,,,,,,,,,,,,,,,
51,A*24:02,A*01:01,B*15:17,B*58:01,C*07:01,C*07:01,DRB1*13:02,DRB1*03:01,DQB1*06:04,DQB1*02:01,DPB1*03:01,DPB1*04:01,A*24:02,A*03:01,B*15:17,B*27:05,C*07:01,C*02:02,DRB1*13:02,DRB1*15:01,DQB1*06:04,DQB1*06:02,DPB1*03:01,DPB1*04:01,,,,,,,,,,,,,,,,,,,,,,,,
52,A*02:01,A*68:01,B*48:01,B*35:05,C*08:03,C*04:01,DRB1*14:06,DRB1*16:02,DQB1*03:01,DQB1*03:01,DPB1*23:01,DPB1*02:01,A*02:01,A*03:01,B*48:01,B*35:01,C*08:03,C*04:01,DRB1*14:06,DRB1*01:01,DQB1*03:01,DQB1*05:01,DPB1*23:01,DPB1*06:01,,,,,,,,,,,,,,,,,,,,,,,,
53,A*02:01,A*02:01,B*15:01,B*15:01,C*04:01,C*03:04,DRB1*04:04,DRB1*16:01,DQB1*03:02,DQB1*05:02,DPB1*04:01,DPB1*04:02,A*02:01,A*11:01,B*15:01,B*35:01,C*04:01,C*04:01,DRB1*04:04,DRB1*08:01,DQB1*03:02,DQB1*04:02,DPB1*04:01,DPB1*04:01,,,,,,,,,,,,,,,,,,,,,,,,
54,A*01:01,A*03:01,B*08:01,B*14:02,C*07:01,C*08:02,DRB1*03:01,DRB1*13:03,DQB1*02:01,DQB1*02:01,DPB1*01:01,DPB1*04:01,A*01:01,A*02:01,B*08:01,B*07:02,C*07:01,C*07:02,DRB1*03:01,DRB1*13:01,DQB1*02:02,DQB1*06:03,DPB1*01:01,DPB1*03:01,,,,,,,,,,,,,,,,,,,,,,,,
55,A*03:01,A*31:01,B*35:03,B*35:02,C*04:01,C*04:01,DRB1*12:01,DRB1*04:03,DQB1*03:01,DQB1*03:05,DPB1*04:01,DPB1*04:01,A*03:01,A*24:02,B*35:03,B*13:02,C*04:01,C*06:02,DRB1*12:01,DRB1*15:02,DQB1*03:01,DQB1*06:01,DPB1*04:01,DPB1*04:01,,,,,,,,,,,,,,,,,,,,,,,,
56,A*25:01,A*02:01,B*18:01,B*27:05,C*12:03,C*01:02,DRB1*15:01,DRB1*01:03,DQB1*06:02,DQB1*03:01,DPB1*23:01,DPB1*04:02,A*25:01,A*02:01,B*1801,B*35:01,C*12:03,C*04:01,DRB1*15:01,DRB1*14:01,DQB1*06:02,DQB1*05:03,DPB1*23:01,DPB1*14:01,,,,,,,,,,,,,,,,,,,,,,,,
57,A*02:01,A*01:01,B*07:02,B*08:01,C*07:02,C*07:01,DRB1*14:01,DRB1*03:01,DQB1*05:03,DQB1*02:01,DPB1*05:01,DPB1*11:01,A*02:01,A*02:06,B*07:02,B*41:02,C*07:02,C*17:03,DRB1*14:01,DRB1*13:02,DQB1*05:03,DQB1*06:04,DPB1*05:01,DPB1*02:01,,,,,,,,,,,,,,,,,,,,,,,,
58,A*01:01,A*02:01,B*08:01,B*51:01,C*07:01,C*15:02,DRB1*03:01,DRB1*11:01,DQB1*02:01,DQB1*03:01,DPB1*04:01,DPB1*04:02,A*01:01,A*03:01,B*08:01,B*07:02,C*07:01,C*07:02,DRB1*03:01,DRB1*03:01,DQB1*02:01,DQB1*02:01,DPB1*04:01,DPB1*04:01,,,,,,,,,,,,,,,,,,,,,,,,
59,A*02:01,A*01:01,B*13:02,B*07:02,C*06:02,C*07:02,DRB1*07:01,DRB1*15:01,DQB1*02:02,DQB1*06:02,DPB1*04:01,DPB1*04:01,A*02:01,A*03:01,B*13:02,B*07:02,C*06:02,C*07:02,DRB1*07:01,DRB1*15:02,DQB1*02:02,DQB1*06:02,DPB1*04:01,DPB1*04:01,,,,,,,,,,,,,,,,,,,,,,,,
60,A*24:02,A*30:01,B*40:02,B*40:01,C*03:04,C*03:04,DRB1*11:03,DRB1*12:01,DQB1*03:01,DQB1*03:01,DPB1*03:01,DPB1*04:02,A*02:01,A*30:01,B*44:02,B*40:01,C*05:01,C*03:04,DRB1*04:02,DRB1*12:01,DQB1*03:02,DQB1*03:01,DPB1*05:01,DPB1*04:02,,,,,,,,,,,,,,,,,,,,,,,,
61,A*02:01,A*11:01,B*44:02,B*44:03,C*05:01,C*05:01,DRB1*03:01,DRB1*07:01,DQB1*02:01,DQB1*02:02,DPB1*04:01,DPB1*17:01,A*02:01,A*02:01,B*44:02,B*15:01,C*05:01,C*03:04,DRB1*03:01,DRB1*01:01,DQB1*02:01,DQB1*05:01,DPB1*04:01,DPB1*04:02,,,,,,,,,,,,,,,,,,,,,,,,
62,A*33:01,A*30:01,B*42:01,B*65:01,C*08:01,C*17:01,DRB1*03:01,DRB1*03:02,DQB1*02:01,DQB1*04:02,DPB1*02:01,DPB1*01:01,A*33:01,A*01:01,B*35:01,B*65:01,"C*08""01",C*04:01,DRB1*03:01,DRB1*10:01,DQB1*02:01,DQB1*05:01,DPB1*02:01,DPB1*17:01,,,,,,,,,,,,,,,,,,,,,,,,
63,A*02:24,A*02:02,B*07:02,B*39:01,C*07:02,C*12:03,DRB1*07:01,DRB1*09:01,DQB1*02:02,DQB1*03:03,DPB1*04:01,DPB1*03:01,A*02:24,A*03:01,B*07:02,B*07:02,C*07:02,C*07:02,DRB1*07:01,DRB1*15:01,DQB1*02:02,DQB1*06:02,DPB1*04:01,DPB1*15:01,,,,,,,,,,,,,,,,,,,,,,,,
64,A*31:01,A*24:02,B*07:02,B*35:03,C*07:02,C*12:03,DRB1*15:01,DRB1*14:01,DQB1*06:02,DQB1*05:03,DPB1*04:01,DPB1*04:02,A*31:01,A*03:01,B*07:02,B*07:02,C*07:02,C*07:02,DRB1*15:01,DRB1*15:01,DQB1*06:02,DQB1*06:02,DPB1*04:01,DPB1*04:01,,,,,,,,,,,,,,,,,,,,,,,,
65,A*24:32,A*31:01,B*38:01,B*18:01,C*12:03,C*12:03,DRB1*08:01,DRB1*11:04,DQB1*04:02,DQB1*03:01,DPB1*03:01,DPB1*04:01,A*24:32,A*01:01,B*38:01,B*57:01,C*12:03,C*06:02,DRB1*08:01,DRB1*13:03,DQB1*04:02,DQB1*03:01,DPB1*03:01,DPB1*03:01,,,,,,,,,,,,,,,,,,,,,,,,
66,A*02:01,A*29:02,B*15:01,B*44:03,C*03:03,C*16:01,DRB1*04:01,DRB1*07:01,DQB1*03:02,DQB1*02:02,DPB1*04:01,DPB1*04:01,A*02:01,A*32:01,B*15:01,B*15:18,C*03:03,C*07:04,DRB1*04:01,DRB1*13:01,DQB1*03:02,DQB1*06:03,DPB1*04:01,DPB1*03:01,,,,,,,,,,,,,,,,,,,,,,,,
67,A*02:01,A*02:01,B*38:01,B*51:01,C*12:03,C*14:02,DRB1*01:01,DRB1*08:01,DQB1*05:01,DQB1*04:02,DPB1*04:02,DPB1*04:01,A*02:01,A*01:01,B*38:01,B*57:01,C*12:03,C*07:01,DRB1*01:01,DRB1*07:01,DQB1*05:01,DQB1*03:03,DPB1*04:02,DPB1*01:01,,,,,,,,,,,,,,,,,,,,,,,,
68,A*24:02,A*24:02,B*51:02,B*58:01,C*15:02,C*03:02,DRB1*14:01,DRB1*03:01,DQB1*05:01,DQB1*02:01,DPB1*04:01,DPB1*04:02,A*24:02,A*02:01,B*51:02,B*44:03,C*15:02,C*14:03,DRB1*14:01,DRB1*13:02,DQB1*05:01,DQB1*06:04,DPB1*04:01,DPB1*04:02,,,,,,,,,,,,,,,,,,,,,,,,
69,A*02:06,A*01:01,B*35:01,B*15:01,C*03:03,C*03:03,DRB1*04:08,DRB1*04:01,DQB1*03:01,DQB1*03:02,DPB1*04:01,DPB1*04:01,A*02:06,A*02:01,B*35:01,B*35:01,C*03:03,C*04:01,DRB1*04:08,DRB1*01:01,DQB1*03:01,DQB1*05:01,DPB1*04:01,DPB1*04:02,,,,,,,,,,,,,,,,,,,,,,,,
70,A*02:01,A*02:01,B*40:01,B*51:01,C*03:04,C*14:02,DRB1*13:02,DRB1*08:01,DQB1*06:04,DQB1*04:02,DPB1*03:01,DPB1*04:01,A*02:01,A*02:01,B*51:01,B*57:01,C*14:02,C*06:02,DRB1*08:01,DRB1*07:01,DQB1*04:02,DQB1*03:03,DPB1*04:01,DPB1*03:01,,,,,,,,,,,,,,,,,,,,,,,,
71,A*32:01,A*02:01,B*40:02,B*07:02,C*02:02,C*07:02,DRB1*14:01,DRB1*15:01,DQB1*05:03,DQB1*06:02,DPB1*04:01,DPB1*04:01,A*32:01,A*01:01,B*40:02,B*35:01,C*02:02,C*04:01,DRB1*14:01,DRB1*13:01,DQB1*05:03,DQB1*06:03,DPB1*04:01,DPB1*04:01,,,,,,,,,,,,,,,,,,,,,,,,
72,A*02:01,A*26:01,B*15:01,B*55:01,C*03:04,C*03:03,DRB1*04:01,DRB1*15:01,DQB1*03:02,DQB1*06:02,DPB1*04:01,DPB1*04:01,A*02:01,A*03:01,B*15:01,B*27:02,C*03:04,C*02:02,DRB1*04:01,DRB1*16:01,DQB1*03:02,DQB1*05:02,DPB1*04:01,DPB1*03:01,,,,,,,,,,,,,,,,,,,,,,,,
73,A*23:01,A*02:01,B*07:02,B*49:01,C*07:02,C*07:01,DRB1*07:01,DRB1*13:03,DQB1*02:02,DQB1*02:02,DPB1*01:01,DPB1*04:01,A*23:01,A*66:01,B*07:02,B*45:01,C*07:02,C*16:01,DRB1*07:01,DRB1*13:01,DQB1*02:02,DQB1*06:02,DPB1*01:01,DPB1*85:01,,,,,,,,,,,,,,,,,,,,,,,,
74,A*01:01,A*23:01,B*08:01,B*40:01,C*07:01,C*03:04,DRB1*13:01,DRB1*13:01,DQB1*06:03,DQB1*06:03,DPB1*04:02,DPB1*14:01,A*01:01,A*31:01,B*08:01,B*40:01,C*07:01,C*03:04,DRB1*13:01,DRB1*04:01,DQB1*06:03,DQB1*03:01,DPB1*04:02,DPB1*14:01,,,,,,,,,,,,,,,,,,,,,,,,
75,A*33:03,A*30:02,B*18:01,B*07:05,C*02:02,C*07:02,DRB1*07:01,DRB1*01:02,DQB1*02:02,DQB1*05:01,DPB1*01:01,DPB1*13:01,A*33:03,A*02:02,B*1801,B*51:01,C*02:02,C*16:01,DRB1*07:01,DRB1*03:01,DQB1*02:02,DQB1*02:01,DPB1*01:01,DPB1*01:01,,,,,,,,,,,,,,,,,,,,,,,,
76,A*01:01,A*02:01,B*08:01,B*44:02,C*07:01,C*05:01,DRB1*03:01,DRB1*13:01,DQB1*02:01,DQB1*06:03,DPB1*04:02,DPB1*04:01,A*32:01,A*02:01,B*07:02,B*44:02,C*07:02,C*05:01,DRB1*15:01,DRB1*13:01,DQB1*06:02,DQB1*06:03,DPB1*04:01,DPB1*04:01,,,,,,,,,,,,,,,,,,,,,,,,
77,A*02:01,A*31:01,B*27:05,B*44:02,C*02:02,C*05:01,DRB1*15:01,DRB1*04:01,DQB1*06:02,DQB1*03:01,DPB1*01:01,DPB1*04:01,A*02:01,A*24:02,B*27:05,B*35:03,C*02:02,C*04:01,DRB1*15:01,DRB1*13:01,DQB1*06:02,DQB1*06:03,DPB1*01:01,DPB1*02:01,,,,,,,,,,,,,,,,,,,,,,,,
78,A*02:01,A*11:01,B*15:01,B*15:01,C*03:04,C*04:01,DRB1*04:01,DRB1*13:01,DQB1*03:02,DQB1*06:03,DPB1*04:01,DPB1*04:02,A*02:01,A*01:01,B*15:01,B*08:01,C*03:04,C*07:01,DRB1*04:01,DRB1*03:01,DQB1*03:02,DQB1*02:01,DPB1*04:01,DPB1*04:02,,,,,,,,,,,,,,,,,,,,,,,,
79,A*02:01,A*02:01,B*51:01,B*18:01,C*04:01,C*07:01,DRB1*04:07,DRB1*11:01,DQB1*03:01,DQB1*03:01,DPB1*04:01,DPB1*04:01,A*02:01,A*01:01,B*51:01,B*08:01,C*04:01,C*07:01,DRB1*04:07,DRB1*03:01,DQB1*03:01,DQB1*02:01,DPB1*04:01,DPB1*03:01,,,,,,,,,,,,,,,,,,,,,,,,
80,A*68:01,A*02:01,B*48:01,B*52:01,C*03:04,C*07:02,DRB1*08:02,DRB1*08:03,DQB1*04:02,DQB1*03:01,DPB1*04:01,DPB1*04:01,A*68:01,A*11:01,B*48:01,B*18:01,C*03:04,C*12:03,DRB1*08:02,DRB1*14:07,DQB1*04:02,DQB1*05:03,DPB1*04:01,DPB1*02:01,,,,,,,,,,,,,,,,,,,,,,,,
81,A*68:01,A*11:01,B*44:02,B*07:02,C*07:04,C*07:02,DRB1*14:01,DRB1*15:01,DQB1*05:03,DQB1*06:02,DPB1*04:01,DPB1*04:01,A*68:01,A*02:01,B*44:02,B*51:01,C*07:04,C*15:02,DRB1*14:01,DRB1*14:01,DQB1*05:03,DQB1*05:02,DPB1*04:01,DPB1*03:01,,,,,,,,,,,,,,,,,,,,,,,,
82,A*03:01,A*02:01,B*18:01,B*18:01,C*07:01,C*05:01,DRB1*14:01,DRB1*03:01,DQB1*05:03,DQB1*02:01,DPB1*02:01,DPB1*02:02,A*03:01,A*02:01,B*1801,B*27:05,C*07:01,C*02:02,DRB1*14:01,DRB1*14:01,DQB1*05:03,DQB1*05:02,DPB1*02:01,DPB1*14:01,,,,,,,,,,,,,,,,,,,,,,,,
83,A*11:01,A*02:01,B*56:01,B*13:02,C*01:02,C*06:02,DRB1*01:01,DRB1*13:01,DQB1*05:01,DQB1*06:03,DPB1*04:02,DPB1*03:01,A*11:01,A*03:01,B*56:01,B*07:02,C*01:02,C*07:02,DRB1*01:01,DRB1*03:01,DQB1*05:01,DQB1*02:01,DPB1*04:02,DPB1*01:01,,,,,,,,,,,,,,,,,,,,,,,,
84,A*01:01,A*02:01,B*08:01,B*44:02,C*07:01,C*05:01,DRB1*03:01,DRB1*14:01,DQB1*02:01,DQB1*05:03,DPB1*04:01,DPB1*02:01,A*01:01,A*11:01,B*08:01,B*35:03,C*07:01,C*12:03,DRB1*03:01,DRB1*04:08,DQB1*02:01,DQB1*03:01,DPB1*04:01,DPB1*04:02,,,,,,,,,,,,,,,,,,,,,,,,
85,A*25:01,A*68:01,B*44:02,B*44:02,C*05:01,C*07:04,DRB1*01:01,DRB1*13:02,DQB1*05:01,DQB1*06:04,DPB1*04:01,DPB1*04:01,A*25:01,A*01:01,B*44:02,B*08:01,C*05:01,C*07:01,DRB1*01:01,DRB1*03:01,DQB1*05:01,DQB1*02:01,DPB1*04:01,DPB1*04:01,,,,,,,,,,,,,,,,,,,,,,,,
86,A*02:05,A*26:01,B*50:01,B*38:01,C*06:02,C*12:03,DRB1*07:01,DRB1*04:02,DQB1*02:02,DQB1*03:02,DPB1*03:01,DPB1*04:01,A*11:01,A*26:01,B*35:01,B*38:01,C*04:01,C*12:03,DRB1*01:03,DRB1*07:01,DQB1*05:01,DQB1*02:02,DPB1*03:01,DPB1*03:01,,,,,,,,,,,,,,,,,,,,,,,,
87,A*01:01,A*03:01,B*35:01,B*39:06,C*03:03,C*07:02,DRB1*03:01,DRB1*08:01,DQB1*02:01,DQB1*04:02,DPB1*04:01,DPB1*04:02,A*01:01,A*03:01,B*35:01,B*08:01,C*03:03,C*07:01,DRB1*03:01,DRB1*08:01,DQB1*02:01,DQB1*04:02,DPB1*04:01,DPB1*04:02,,,,,,,,,,,,,,,,,,,,,,,,
88,A*30:02,A*30:01,B*14:02,B*42:01,C*08:02,C*17:01,DRB1*15:03,DRB1*03:02,DQB1*06:02,DQB1*04:02,DPB1*02:01,DPB1*01:01,A*30:02,A*02:01,B*14:02,B*44:02,C*08:02,C*05:01,DRB1*15:03,DRB1*11:04,DQB1*06:02,DQB1*03:01,DPB1*02:01,DPB1*06:01,,,,,,,,,,,,,,,,,,,,,,,,
89,A*03:01,A*02:01,B*07:02,B*18:01,C*07:02,C*07:01,DRB1*04:07,DRB1*08:01,DQB1*03:01,DQB1*04:02,DPB1*03:01,DPB1*04:01,A*03:01,A*03:01,B*07:02,B*35:01,C*07:02,C*04:01,DRB1*04:07,DRB1*04:04,DQB1*03:01,DQB1*03:02,DPB1*03:01,DPB1*04:01,,,,,,,,,,,,,,,,,,,,,,,,
90,A*03:01,A*68:01,B*14:02,B*38:01,C*15:05,C*12:03,DRB1*01:02,DRB1*13:01,DQB1*05:01,DQB1*06:03,DPB1*13:01,DPB1*02:01,A*03:01,A*31:01,B*14:02,B*35:05,C*15:05,C*04:01,DRB1*01:02,DRB1*14:02,DQB1*05:01,DQB1*03:01,DPB1*13:01,DPB1*04:01,,,,,,,,,,,,,,,,,,,,,,,,
91,A*02:01,A*24:02,B*35:02,B*35:02,C*04:01,C*04:01,DRB1*11:04,DRB1*15:02,DQB1*06:03,DQB1*06:01,DPB1*02:01,DPB1*04:01,A*02:01,A*01:01,B*35:02,B*58:01,C*04:01,C*07:18,DRB1*11:04,DRB1*07:01,DQB1*06:03,DQB1*02:02,DPB1*02:01,DPB1*04:01,,,,,,,,,,,,,,,,,,,,,,,,
92,A*02:02,A*33:03,B*53:01,B*44:03,C*04:01,C*04:01,DRB1*13:02,DRB1*01:02,DQB1*06:05,DQB1*05:01,DPB1*01:01,DPB1*01:01,A*02:02,A*68:02,B*53:01,B*53:01,C*04:01,C*04:01,DRB1*13:02,DRB1*13:02,DQB1*06:05,DQB1*06:04,DPB1*01:01,DPB1*01:01,,,,,,,,,,,,,,,,,,,,,,,,
93,A*01:01,A*24:02,B*08:01,B*40:01,C*07:01,C*03:04,DRB1*10:01,DRB1*14:05,DQB1*05:01,DQB1*05:03,DPB1*17:01,DPB1*02:01,A*01:01,A*33:03,B*08:01,B*44:03,C*07:01,C*14:03,DRB1*10:01,DRB1*13:02,DQB1*05:01,DQB1*06:04,DPB1*17:01,DPB1*04:01,,,,,,,,,,,,,,,,,,,,,,,,
94,A*01:01,A*02:01,B*08:01,B*08:01,C*07:01,C*07:02,DRB1*13:01,DRB1*03:01,DQB1*06:03,DQB1*02:01,DPB1*02:01,DPB1*04:01,A*01:01,A*24:02,B*08:01,B*40:02,C*07:01,C*02:02,DRB1*13:01,DRB1*11:01,DQB1*06:03,DQB1*03:01,DPB1*02:01,DPB1*04:02,,,,,,,,,,,,,,,,,,,,,,,,
95,A*02:01,A*01:01,B*44:02,B*35:02,C*05:01,C*04:01,DRB1*08:04,DRB1*11:01,DQB1*03:01,DQB1*03:01,DPB1*04:01,DPB1*04:01,A*02:01,A*24:02,B*44:02,B*08:01,C*05:01,C*07:01,DRB1*08:04,DRB1*03:01,DQB1*03:01,DQB1*02:01,DPB1*04:01,DPB1*14:01,,,,,,,,,,,,,,,,,,,,,,,,
96,A*01:01,A*03:01,B*44:02,B*07:02,C*05:01,C*07:46,DRB1*04:01,DRB1*07:01,DQB1*03:01,DQB1*03:03,DPB1*04:01,DPB1*04:01,A*01:01,A*02:01,B*44:02,B*35:01,C*05:01,C*04:01,DRB1*04:01,DRB1*01:01,DQB1*03:01,DQB1*05:01,DPB1*04:01,DPB1*04:02,,,,,,,,,,,,,,,,,,,,,,,,
97,A*02:01,A*02:01,B*15:01,B*35:01,C*03:03,C*04:01,DRB1*03:01,DRB1*13:01,DQB1*02:01,DQB1*06:03,DPB1*04:01,DPB1*04:01,A*02:01,A*24:02,B*15:01,B*51:01,C*03:03,C*02:02,DRB1*03:01,DRB1*04:03,DQB1*02:01,DQB1*03:01,DPB1*04:01,DPB1*71:01,,,,,,,,,,,,,,,,,,,,,,,,
98,A*01:01,A*23:01,B*57:01,B*44:03,C*06:02,C*04:01,DRB1*07:01,DRB1*07:01,DQB1*03:03,DQB1*02:02,DPB1*02:01,DPB1*04:01,A*01:01,A*02:01,B*57:01,B*35:03,C*06:02,C*04:01,DRB1*07:01,DRB1*04:03,DQB1*03:03,DQB1*03:02,DPB1*02:01,DPB1*04:01,,,,,,,,,,,,,,,,,,,,,,,,
99,A*02:01,A*02:01,B*07:02,B*07:02,C*07:02,C*07:02,DRB1*04:04,DRB1*15:01,DQB1*03:02,DQB1*06:02,DPB1*05:01,DPB1*03:01,A*02:01,A*01:01,B*07:02,B*37:01,C*07:02,C*06:02,DRB1*04:04,DRB1*04:08,DQB1*03:02,DQB1*03:02,DPB1*05:01,DPB1*04:01,,,,,,,,,,,,,,,,,,,,,,,,
100,A*03:01,A*68:02,B*14:02,B*14:02,C*08:02,C*08:02,DRB1*01:02,DRB1*13:03,DQB1*03:01,DQB1*05:01,DPB1*02:01,DPB1*02:01,A*03:01,A*68:01,B*14:02,B*44:02,C*08:02,C*07:04,DRB1*01:02,DRB1*11:01,DQB1*03:01,DQB1*05:01,DPB1*02:01,DPB1*04:01,,,,,,,,,,,,,,,,,,,,,,,,
101,A*03:01,A*02:01,B*07:02,B*58:01,C*07:02,C*06:02,DRB1*07:01,DRB1*08:04,DQB1*02:02,DQB1*04:02,DPB1*02:01,DPB1*04:01,A*03:01,A*03:01,B*07:02,B*07:02,C*07:02,C*07:02,DRB1*07:01,DRB1*15:01,DQB1*02:02,DQB1*06:02,DPB1*02:01,DPB1*03:01,,,,,,,,,,,,,,,,,,,,,,,,
102,A*02:01,A*03:01,B*07:02,B*14:02,C*07:02,C*08:02,DRB1*13:02,DRB1*15:01,DQB1*05:01,DQB1*06:05,DPB1*02:02,DPB1*04:01,A*03:01,A*03:01,B*14:02,B*14:02,C*08:02,C*08:02,DRB1*01:02,DRB1*13:02,DQB1*05:01,DQB1*06:05,DPB1*02:02,DPB1*04:01,,,,,,,,,,,,,,,,,,,,,,,,
103,A*68:01,A*68:02,B*44:03,B*15:10,C*04:01,C*03:04,DRB1*15:03,DRB1*13:01,DQB1*02:02,DQB1*05:01,DPB1*02:01,DPB1*03:01,A*03:01,A*68:02,B*35:01,B*15:10,C*04:01,C*03:04,DRB1*09:01,DRB1*13:01,DQB1*02:02,DQB1*05:01,DPB1*04:01,DPB1*03:01,,,,,,,,,,,,,,,,,,,,,,,,
104,A*01:01,A*23:01,B*07:02,B*53:01,C*07:02,C*06:02,DRB1*01:03,DRB1*09:01,DQB1*05:01,DQB1*02:02,DPB1*04:01,DPB1*17:01,A*01:01,A*02:01,B*07:02,B*07:02,C*07:02,C*07:02,DRB1*01:03,DRB1*14:01,DQB1*05:01,DQB1*05:01,DPB1*04:01,DPB1*105:01,,,,,,,,,,,,,,,,,,,,,,,,
105,A*02:01,A*02:01,B*44:02,B*15:01,C*05:01,C*03:04,DRB1*04:01,DRB1*04:01,DQB1*03:01,DQB1*03:02,DPB1*04:02,DPB1*04:01,A*02:01,A*02:01,B*44:02,B*13:02,C*05:01,C*06:02,DRB1*04:01,DRB1*07:01,DQB1*03:01,DQB1*02:02,DPB1*04:02,DPB1*17:01,,,,,,,,,,,,,,,,,,,,,,,,
106,A*02:05,A*26:01,B*50:01,B*08:01,C*06:02,C*07:02,DRB1*07:01,DRB1*03:01,DQB1*02:01,DQB1*02:01,DPB1*04:01,DPB1*02:01,A*02:05,A*23:01,B*50:01,B*41:01,C*06:02,C*17:01,DRB1*07:01,DRB1*07:01,DQB1*02:02,DQB1*02:02,DPB1*04:01,DPB1*13:01,,,,,,,,,,,,,,,,,,,,,,,,
107,A*02:01,A*01:01,B*57:01,B*08:01,C*06:02,C*07:01,DRB1*07:01,DRB1*03:01,DQB1*03:03,DQB1*02:01,DPB1*04:01,DPB1*01:01,A*02:01,A*23:01,B*57:01,B*44:03,C*06:02,C*04:01,DRB1*07:01,DRB1*04:01,DQB1*03:03,DQB1*03:02,DPB1*04:01,DPB1*17:01,,,,,,,,,,,,,,,,,,,,,,,,
108,A*29:02,A*68:02,B*44:03,B*14:02,C*16:01,C*08:02,DRB1*07:01,DRB1*13:03,DQB1*02:02,DQB1*03:01,DPB1*02:01,DPB1*03:01,A*29:02,A*11:01,B*44:03,B*49:01,C*16:01,C*07:01,DRB1*07:01,DRB1*11:04,DQB1*02:02,DQB1*03:01,DPB1*04:02,DPB1*03:01,,,,,,,,,,,,,,,,,,,,,,,,
109,A*01:01,A*23:01,B*42:01,B*50:01,C*17:01,C*06:02,DRB1*08:04,DRB1*15:03,DQB1*03:19,DQB1*06:02,DPB1*85:01,DPB1*02:01,A*29:02,A*23:01,B*42:01,B*50:01,C*17:01,C*06:02,DRB1*13:02,DRB1*15:03,DQB1*06:09,DQB1*06:02,DPB1*13:01,DPB1*02:01,,,,,,,,,,,,,,,,,,,,,,,,
110,A*30:02,A*03:01,B*18:01,B*07:02,C*05:01,C*07:02,DRB1*03:01,DRB1*15:01,DQB1*02:01,DQB1*06:02,DPB1*02:02,DPB1*04:01,A*30:02,A*02:01,B*18:01,B*15:01,C*05:01,C*03:04,DRB1*03:01,DRB1*04:01,DQB1*02:01,DQB1*03:KTXU,DPB1*02:02,DPB1*04:01,,,,,,,,,,,,,,,,,,,,,,,,
111,A*01:01,A*03:02,B*08:01,B*18:01,C*07:01,C*07:01,DRB1*03:01,DRB1*15:01,DQB1*02:01,DQB1*06:02,DPB1*02:01,DPB1*04:01,A*01:01,A*24:02,B*08:01,B*15:01,C*07:01,C*03:03,DRB1*03:01,DRB1*11:03,DQB1*02:01,DQB1*03:01,DPB1*02:01,DPB1*04:01,,,,,,,,,,,,,,,,,,,,,,,,
112,A*30:01,A*30:02,B*81:01,B*07:02,C*08:04,C*15:05,DRB1*12:01,DRB1*09:01,DQB1*05:01,DQB1*02:02,DPB1*18:01,DPB1*55:01,A*30:01,A*33:03,B*81:01,B*53:01,C*08:04,C*04:01,DRB1*12:01,DRB1*11:01,DQB1*05:01,DQB1*06:02,DPB1*18:01,DPB1*11:01,,,,,,,,,,,,,,,,,,,,,,,,
113,A*11:01,A*24:02,B*15:01,B*55:01,C*04:01,C*03:03,DRB1*13:02,DRB1*14:01,DQB1*06:04,DQB1*05:03,DPB1*03:01,DPB1*04:01,A*11:01,A*68:02,B*15:01,B*14:02,C*04:01,C*08:02,DRB1*13:02,DRB1*03:01,DQB1*06:04,DQB1*02:01,DPB1*03:01,DPB1*13:01,,,,,,,,,,,,,,,,,,,,,,,,
114,A*02:01,A*02:05,B*44:02,B*50:01,C*05:01,C*06:02,DRB1*04:01,DRB1*07:01,DQB1*03:01,DQB1*02:02,DPB1*04:01,DPB1*02:01,A*02:01,A*02:01,B*44:02,B*15:01,C*05:01,C*03:03,DRB1*04:01,DRB1*13:01,DQB1*03:01,DQB1*06:03,DPB1*04:01,DPB1*04:01,,,,,,,,,,,,,,,,,,,,,,,,
115,A*02:05,A*34:02,B*50:01,B*44:03,C*06:02,C*14:03,DRB1*04:01,DRB1*15:03,DQB1*03:01,DQB1*06:02,DPB1*04:01,DPB1*18:01,A*02:05,A*30:02,B*50:01,B*18:01,C*06:02,C*05:01,DRB1*04:01,DRB1*03:01,DQB1*03:01,DQB1*02:01,DPB1*04:01,DPB1*04:01,,,,,,,,,,,,,,,,,,,,,,,,
116,A*01:01,A*11:01,B*52:01,B*27:02,C*12:02,C*02:02,DRB1*15:02,DRB1*16:01,DQB1*06:01,DQB1*05:02,DPB1*02:01,DPB1*10:01,A*03:01,A*11:01,B*18:01,B*27:02,C*12:03,C*02:02,DRB1*07:01,DRB1*16:01,DQB1*02:02,DQB1*05:02,DPB1*17:01,DPB1*10:01,,,,,,,,,,,,,,,,,,,,,,,,
117,A*02:02,A*24:07,B*14:02,B*78:01,C*08:02,C*16:01,DRB1*01:02,DRB1*09:01,DQB1*05:01,DQB1*02:02,DPB1*01:01,DPB1*02:01,A*02:02,A*68:01,B*14:02,B*15:03,C*08:02,C*04:01,DRB1*01:02,DRB1*14:01,DQB1*05:01,DQB1*06:02,DPB1*01:01,DPB1*105:01,,,,,,,,,,,,,,,,,,,,,,,,
118,A*02:01,A*03:01,B*40:01,B*51:01,C*03:04,C*07:02,DRB1*15:01,DRB1*13:01,DQB1*06:02,DQB1*06:03,DPB1*01:01,DPB1*04:02,A*33:03,A*03:01,B*35:02,B*51:01,C*04:01,C*07:02,DRB1*01:01,DRB1*13:01,DQB1*05:01,DQB1*06:03,DPB1*04:02,DPB1*04:02,,,,,,,,,,,,,,,,,,,,,,,,
119,A*02:01,A*02:01,B*15:01,B*37:01,C*07:01,C*06:02,DRB1*13:01,DRB1*13:01,DQB1*03:03,DQB1*06:03,DPB1*02:01,DPB1*02:01,A*11:01,A*02:01,B*07:02,B*37:01,C*07:02,C*06:02,DRB1*04:01,DRB1*13:01,DQB1*03:01,DQB1*06:03,DPB1*04:01,DPB1*02:01,,,,,,,,,,,,,,,,,,,,,,,,
120,A*66:02,A*74:AB,B*40:12,B*15:03,C*15:05,C*02:10,DRB1*13:01,DRB1*13:02,DQB1*05:01,DQB1*06:05,DPB1*17:01,DPB1*02:01,A*66:02,A*29:02,B*40:12,B*81:01,C*15:05,C*18:AB,DRB1*13:01,DRB1*08:04,DQB1*05:01,DQB1*03:19,DPB1*17:01,DPB1*105:01,,,,,,,,,,,,,,,,,,,,,,,,
121,A*26:01,A*26:01,B*38:01,B*14:01,C*12:03,C*08:02,DRB1*13:02,DRB1*07:01,DQB1*06:04,DQB1*02:02,DPB1*02:01,DPB1*14:01,A*26:01,A*03:01,B*38:01,B*07:02,C*12:03,C*07:02,DRB1*13:02,DRB1*15:01,DQB1*06:04,DQB1*06:02,DPB1*02:01,DPB1*04:01,,,,,,,,,,,,,,,,,,,,,,,,
122,A*01:01,A*32:01,B*55:01,B*07:02,C*03:03,C*07:02,DRB1*04:01,DRB1*15:01,DQB1*03:02,DQB1*06:02,DPB1*02:01,DPB1*06:01,A*01:01,A*01:01,B*55:01,B*57:01,C*03:03,C*06:02,DRB1*04:01,DRB1*10:01,DQB1*03:02,DQB1*05:01,DPB1*02:01,DPB1*13:01,,,,,,,,,,,,,,,,,,,,,,,,
123,A*26:01,A*02:01,B*38:01,B*35:03,C*12:03,C*04:01,DRB1*13:02,DRB1*12:JV,DQB1*06:09,DQB1*03:01,DPB1*04:01,DPB1*04:01,A*26:01,A*26:01,B*38:01,B*14:02,C*12:03,C*08:02,DRB1*13:02,DRB1*11:04,DQB1*06:09,DQB1*06:03,DPB1*04:01,DPB1*02:01,,,,,,,,,,,,,,,,,,,,,,,,
124,A*03:01,A*24:09,B*15:18,B*40:01,C*07:04,C*03:04,DRB1*08:02,DRB1*04:04,DQB1*03:01,DQB1*03:02,DPB1*04:01,DPB1*02:01,A*24:02,A*24:09,B*44:29,B*40:01,C*05:01,C*03:04,DRB1*15:01,DRB1*04:04,DQB1*05:02,DQB1*03:02,DPB1*09:01,DPB1*02:01,,,,,,,,,,,,,,,,,,,,,,,,
125,A*02:01,A*02:01,B*18:01,B*58:01,C*07:01,C*03:02,DRB1*11:01,DRB1*12:01,DQB1*03:01,DQB1*03:01,DPB1*04:02,DPB1*04:01,A*02:01,A*01:01,B*18:01,B*08:01,C*07:01,C*07:01,DRB1*11:01,DRB1*03:01,DQB1*03:01,DQB1*02:01,DPB1*04:02,DPB1*13:01,,,,,,,,,,,,,,,,,,,,,,,,
126,A*02:01,A*25:01,B*44:02,B*40:01,C*05:01,C*14:02,DRB1*04:01,DRB1*13:02,DQB1*03:01,DQB1*06:04,DPB1*04:01,DPB1*03:01,A*25:01,A*31:01,B*40:01,B*27:05,C*14:02,C*01:02,DRB1*13:02,DRB1*11:03,DQB1*06:04,DQB1*03:01,DPB1*03:01,DPB1*04:01,,,,,,,,,,,,,,,,,,,,,,,,
127,A*02:01,A*02:01,B*49:01,B*44:02,C*07:01,C*05:01,DRB1*11:01,DRB1*04:01,DQB1*03:01,DQB1*03:01,DPB1*04:01,DPB1*13:01,A*01:01,A*02:01,B*08:01,B*44:02,C*07:01,C*05:01,DRB1*07:01,DRB1*04:01,DQB1*03:03,DQB1*03:01,DPB1*04:01,DPB1*04:01,,,,,,,,,,,,,,,,,,,,,,,,
128,A*01:01,A*11:01,B*08:01,B*44:02,C*07:01,C*05:01,DRB1*14:01,DRB1*04:01,DQB1*05:03,DQB1*03:01,DPB1*20:01,DPB1*04:01,A*11:01,A*25:01,B*44:02,B*18:01,C*05:01,C*12:03,DRB1*04:01,DRB1*15:01,DQB1*03:01,DQB1*06:02,DPB1*04:01,DPB1*04:01,,,,,,,,,,,,,,,,,,,,,,,,
129,A*02:05,A*03:01,B*50:01,B*41:01,C*06:02,C*17:01,DRB1*07:01,DRB1*04:04,DQB1*02:02,DQB1*04:02,DPB1*04:01,DPB1*04:01,A*02:01,A*03:01,B*40:01,B*41:01,C*03:04,C*17:01,DRB1*07:01,DRB1*04:04,DQB1*02:02,DQB1*04:02,DPB1*04:01,DPB1*06:01,,,,,,,,,,,,,,,,,,,,,,,,
130,A*11:01,A*01:01,B*15:01,B*08:01,C*01:02,C*07:01,DRB1*15:01,DRB1*03:01,DQB1*06:02,DQB1*02:01,DPB1*01:01,DPB1*04:01,A*11:01,A*24:02,B*15:01,B*51:01,C*01:02,C*15:02,DRB1*15:01,DRB1*15:01,DQB1*06:02,DQB1*06:02,DPB1*04:01,DPB1*04:01,,,,,,,,,,,,,,,,,,,,,,,,
131,A*01:01,A*30:02,B*08:01,B*15:17,C*07:01,C*05:01,DRB1*15:01,DRB1*13:03,DQB1*06:02,DQB1*03:01,DPB1*04:01,DPB1*18:01,A*01:01,A*30:01,B*08:01,B*53:01,C*07:01,C*04:01,DRB1*15:01,DRB1*08:04,DQB1*06:02,DQB1*03:01,DPB1*04:01,DPB1*02:01,,,,,,,,,,,,,,,,,,,,,,,,
132,A*32:01,A*02:01,B*15:01,B*07:02,C*03:03,C*07:02,DRB1*14:54,DRB1*15:01,DQB1*05:01,DQB1*06:02,DPB1*10:01,DPB1*04:01,A*32:01,A*26:01,B*15:01,B*15:01,C*03:03,C*03:03,DRB1*14:54,DRB1*11:03,DQB1*05:01,DQB1*03:01,DPB1*10:01,DPB1*04:02,,,,,,,,,,,,,,,,,,,,,,,,
133,A*01:01,A*02:01,B*07:02,B*08:01,C*07:01,C*07:02,DRB1*13:01,DRB1*15:01,DQB1*06:03,DQB1*06:02,DPB1*02:01,DPB1*02:01,A*01:01,A*02:01,B*07:02,B*08:01,C*07:01,C*07:02,DRB1*13:01,DRB1*15:01,DQB1*06:03,DQB1*06:02,DPB1*04:02,DPB1*06:01,,,,,,,,,,,,,,,,,,,,,,,,
134,A*03:01,A*11:01,B*44:02,B*49:01,C*07:04,C*07:01,DRB1*11:01,DRB1*04:05,DQB1*03:01,DQB1*03:02,DPB1*20:01,DPB1*13:01,A*03:01,A*11:01,B*44:02,B*27:02,C*07:04,C*05:01,DRB1*11:01,DRB1*11:01,DQB1*03:01,DQB1*03:01,DPB1*20:01,DPB1*04:01,,,,,,,,,,,,,,,,,,,,,,,,
135,A*01:01,A*68:01,B*08:01,B*44:02,C*07:01,C*05:01,DRB1*03:01,DRB1*13:01,DQB1*02:01,DQB1*06:03,DPB1*02:01,DPB1*04:02,A*01:01,A*68:01,B*44:05,B*44:02,C*02:02,C*05:01,DRB1*15:01,DRB1*13:01,DQB1*06:02,DQB1*06:03,DPB1*04:01,DPB1*04:02,,,,,,,,,,,,,,,,,,,,,,,,
136,A*02:01,A*02:01,B*55:01,B*27:05,C*03:03,C*02:02,DRB1*16:01,DRB1*08:01,DQB1*05:02,DQB1*04:02,DPB1*04:01,DPB1*02:01,A*02:01,A*03:01,B*55:01,B*35:01,C*03:03,C*04:01,DRB1*16:01,DRB1*13:03,DQB1*05:02,DQB1*03:01,DPB1*04:01,DPB1*13:01,,,,,,,,,,,,,,,,,,,,,,,,
137,A*24:02,A*01:01,B*15:18,B*08:01,C*07:04,C*07:01,DRB1*11:01,DRB1*03:01,DQB1*03:01,DQB1*02:01,DPB1*03:01,DPB1*04:01,A*24:02,A*03:01,B*15:18,B*07:02,C*07:04,C*07:02,DRB1*11:01,DRB1*15:01,DQB1*03:01,DQB1*06:02,DPB1*03:01,DPB1*04:01,,,,,,,,,,,,,,,,,,,,,,,,
138,A*11:01,A*25:01,B*55:01,B*18:01,C*03:03,C*12:03,DRB1*14:54,DRB1*04:01,DQB1*05:03,DQB1*03:02,DPB1*02:01,DPB1*02:01,A*11:01,A*02:01,B*55:01,B*08:01,C*03:03,C*07:01,DRB1*14:54,DRB1*03:01,DQB1*05:03,DQB1*02:01,DPB1*02:01,DPB1*01:01,,,,,,,,,,,,,,,,,,,,,,,,
139,A*02:02,A*02:02,B*15:03,B*58:02,C*02:10,C*06:02,DRB1*08:04,DRB1*12:01,DQB1*05:01,DQB1*05:01,DPB1*03:01,DPB1*18:01,A*30:01,A*02:02,B*42:01,B*58:02,C*17:01,C*06:02,DRB1*01:01,DRB1*12:01,DQB1*05:01,DQB1*05:01,DPB1*105:01,DPB1*18:01,,,,,,,,,,,,,,,,,,,,,,,,
140,A*02:01,A*32:01,B*44:02,B*40:01,C*05:01,C*03:04,DRB1*13:01,DRB1*08:03,DQB1*06:03,DQB1*03:01,DPB1*03:01,DPB1*04:01,A*02:01,A*02:01,B*44:02,B*51:01,C*05:01,C*14:02,DRB1*13:01,DRB1*11:03,DQB1*06:03,DQB1*03:01,DPB1*03:01,DPB1*04:02,,,,,,,,,,,,,,,,,,,,,,,,
141,A*01:01,A*03:01,B*35:01,B*07:02,C*04:01,C*07:02,DRB1*01:01,DRB1*15:01,DQB1*05:01,DQB1*06:02,DPB1*02:01,DPB1*05:01,A*01:01,A*01:01,B*35:01,B*57:01,C*04:01,C*06:02,DRB1*01:01,DRB1*15:01,DQB1*05:01,DQB1*06:02,DPB1*02:01,DPB1*04:01,,,,,,,,,,,,,,,,,,,,,,,,
142,A*02:01,A*68:01,B*40:01,B*51:01,C*03:04,C*15:02,DRB1*13:02,DRB1*13:01,DQB1*06:04,DQB1*06:03,DPB1*16:01,DPB1*02:01,A*02:01,A*33:03,B*40:01,B*07:02,C*03:04,C*07:02,DRB1*13:02,DRB1*15:01,DQB1*06:04,DQB1*06:02,DPB1*16:01,DPB1*04:01,,,,,,,,,,,,,,,,,,,,,,,,
143,A*31:01,A*24:02,B*07:02,B*18:01,C*07:02,C*07:01,DRB1*15:01,DRB1*11:04,DQB1*06:02,DQB1*03:01,DPB1*04:01,DPB1*04:02,A*31:01,A*11:01,B*07:02,B*35:01,C*07:02,C*04:01,DRB1*15:01,DRB1*04:04,DQB1*06:02,DQB1*03:02,DPB1*04:01,DPB1*04:01,,,,,,,,,,,,,,,,,,,,,,,,
144,A*66:01,A*29:02,B*41:02,B*44:03,C*17:03,C*16:01,DRB1*13:03,DRB1*15:01,DQB1*03:01,DQB1*06:02,DPB1*04:01,DPB1*04:02,A*66:01,A*68:01,B*41:02,B*35:01,C*17:03,C*04:01,DRB1*13:03,DRB1*01:01,DQB1*03:01,DQB1*05:01,DPB1*04:01,DPB1*14:01,,,,,,,,,,,,,,,,,,,,,,,,
145,A*02:01,A*31:01,B*07:02,B*13:02,C*07:02,C*06:02,DRB1*15:01,DRB1*07:01,DQB1*06:02,DQB1*02:02,DPB1*04:01,DPB1*02:01,A*02:01,A*11:01,B*07:02,B*08:01,C*07:02,C*07:01,DRB1*15:01,DRB1*03:01,DQB1*06:02,DQB1*02:01,DPB1*04:01,DPB1*01:01,,,,,,,,,,,,,,,,,,,,,,,,
146,A*26:01,A*03:01,B*15:01,B*39:01,C*04:01,C*12:03,DRB1*16:01,DRB1*16:01,DQB1*05:02,DQB1*05:02,DPB1*04:01,DPB1*04:02,A*26:01,A*02:01,B*15:01,B*18:01,C*04:01,C*07:01,DRB1*16:01,DRB1*11:01,DQB1*05:02,DQB1*03:01,DPB1*04:01,DPB1*04:02,,,,,,,,,,,,,,,,,,,,,,,,
147,A*01:01,A*33:03,B*08:01,B*55:01,C*07:01,C*03:04,DRB1*03:01,DRB1*15:01,DQB1*02:01,DQB1*06:02,DPB1*04:01,DPB1*02:02,A*01:01,A*02:01,B*08:01,B*27:05,C*07:01,C*02:02,DRB1*03:01,DRB1*04:04,DQB1*02:01,DQB1*03:02,DPB1*04:01,DPB1*11:01,,,,,,,,,,,,,,,,,,,,,,,,
148,A*02:01,A*24:02,B*07:02,B*27:02,C*07:02,C*02:02,DRB1*09:01,DRB1*11:01,DQB1*03:03,DQB1*03:01,DPB1*04:01,DPB1*04:01,A*01:01,A*24:02,B*08:01,B*27:02,C*07:01,C*02:02,DRB1*03:01,DRB1*11:01,DQB1*02:01,DQB1*03:01,DPB1*04:01,DPB1*04:01,,,,,,,,,,,,,,,,,,,,,,,,
149,A*74:01,A*30:01,B*57:03,B*42:02,C*18:02,C*17:01,DRB1*16:02,DRB1*08:04,DQB1*05:02,DQB1*03:01,DPB1*85:01,DPB1*01:01,A*74:01,A*30:01,B*57:03,B*57:03,C*18:02,C*17:01,DRB1*16:02,DRB1*13:03,DQB1*05:02,DQB1*02:02,DPB1*85:01,DPB1*105:01,,,,,,,,,,,,,,,,,,,,,,,,
150,A*24:02,A*03:01,B*39:06,B*35:01,C*07:02,C*04:01,DRB1*13:01,DRB1*01:01,DQB1*06:03,DQB1*05:01,DPB1*02:01,DPB1*04:01,A*24:02,A*68:01,B*39:06,B*15:01,C*07:02,C*03:04,DRB1*13:01,DRB1*04:01,DQB1*06:03,DQB1*03:02,DPB1*02:01,DPB1*04:01,,,,,,,,,,,,,,,,,,,,,,,,
151,A*24:02,A*02:01,B*51:01,B*35:01,C*15:02,C*04:01,DRB1*04:01,DRB1*13:01,DQB1*03:02,DQB1*06:03,DPB1*04:01,DPB1*04:02,A*29:02,A*02:01,B*44:03,B*35:01,C*16:01,C*04:01,DRB1*07:01,DRB1*13:01,DQB1*02:02,DQB1*06:03,DPB1*04:01,DPB1*04:02,,,,,,,,,,,,,,,,,,,,,,,,
152,A*24:02,A*02:01,B*07:02,B*52:01,C*07:02,C*16:01,DRB1*15:01,DRB1*13:03,DQB1*06:02,DQB1*03:01,DPB1*04:01,DPB1*104:01,A*24:02,A*01:01,B*07:02,B*07:02,C*07:02,C*07:02,DRB1*15:01,DRB1*04:01,DQB1*06:02,DQB1*03:01,DPB1*04:01,DPB1*04:01,,,,,,,,,,,,,,,,,,,,,,,,
153,A*02:01,A*02:01,B*38:01,B*38:01,C*12:03,C*12:03,DRB1*13:01,DRB1*13:01,DQB1*06:02,DQB1*06:02,DPB1*02:01,DPB1*04:01,A*02:01,A*03:01,B*38:01,B*07:02,C*12:03,C*07:02,DRB1*13:01,DRB1*15:01,DQB1*06:02,DQB1*06:02,DPB1*02:01,DPB1*04:01,,,,,,,,,,,,,,,,,,,,,,,,
154,A*24:02,A*26:01,B*51:01,B*38:01,C*01:02,C*12:03,DRB1*11:01,DRB1*13:02,DQB1*03:01,DQB1*06:09,DPB1*02:01,DPB1*04:01,A*02:01,A*26:01,B*13:02,B*38:01,C*06:02,C*12:03,DRB1*07:01,DRB1*13:02,DQB1*02:02,DQB1*06:09,DPB1*04:02,DPB1*04:01,,,,,,,,,,,,,,,,,,,,,,,,
155,A*11:01,A*30:01,B*27:05,B*38:01,C*02:02,C*12:03,DRB1*04:04,DRB1*08:03,DQB1*03:02,DQB1*03:01,DPB1*04:01,DPB1*04:01,A*24:02,A*30:01,B*15:01,B*38:01,C*03:03,C*12:03,DRB1*09:01,DRB1*08:03,DQB1*03:03,DQB1*03:01,DPB1*03:01,DPB1*04:01,,,,,,,,,,,,,,,,,,,,,,,,
156,A*03:01,A*03:01,B*07:02,B*57:01,C*07:02,C*06:02,DRB1*15:01,DRB1*07:01,DQB1*06:02,DQB1*03:03,DPB1*04:01,DPB1*13:01,A*03:01,A*03:01,B*07:02,B*57:01,C*07:02,C*06:02,DRB1*15:01,DRB1*07:01,DQB1*06:02,DQB1*03:03,DPB1*04:01,DPB1*04:02,,,,,,,,,,,,,,,,,,,,,,,,
157,A*02:01,A*24:02,B*40:01,B*07:02,C*03:04,C*07:02,DRB1*13:01,DRB1*15:01,DQB1*06:03,DQB1*06:02,DPB1*04:01,DPB1*04:01,A*02:01,A*02:01,B*40:01,B*07:02,C*03:04,C*07:02,DRB1*13:01,DRB1*07:01,DQB1*06:03,DQB1*02:02,DPB1*04:01,DPB1*04:01,,,,,,,,,,,,,,,,,,,,,,,,
158,A*02:01,A*68:02,B*35:01,B*14:02,C*04:01,C*08:02,DRB1*01:01,DRB1*13:03,DQB1*05:01,DQB1*03:01,DPB1*04:01,DPB1*02:01,A*02:01,A*30:01,B*35:01,B*42:01,C*04:01,C*17:01,DRB1*01:01,DRB1*03:02,DQB1*05:01,DQB1*04:02,DPB1*04:01,DPB1*01:01,,,,,,,,,,,,,,,,,,,,,,,,
159,A*02:01,A*03:01,B*07:02,B*44:02,C*07:02,C*05:01,DRB1*13:01,DRB1*15:01,DQB1*06:03,DQB1*06:03,DPB1*04:02,DPB1*14:01,A*02:01,A*03:01,B*07:02,B*44:02,C*07:02,C*05:01,DRB1*13:01,DRB1*15:01,DQB1*06:03,DQB1*06:02,DPB1*04:02,DPB1*14:01,,,,,,,,,,,,,,,,,,,,,,,,
160,A*30:01,A*02:01,B*13:02,B*39:08,C*06:02,C*07:17,DRB1*07:01,DRB1*08:02,DQB1*02:02,DQB1*04:02,DPB1*17:01,DPB1*04:02,A*02:01,A*02:01,B*35:12,B*39:08,C*04:01,C*07:17,DRB1*08:02,DRB1*08:02,DQB1*04:02,DQB1*04:02,DPB1*04:02,DPB1*04:02,,,,,,,,,,,,,,,,,,,,,,,,
161,A*23:01,A*02:01,B*07:02,B*15:03,C*07:02,C*02:10,DRB1*09:01,DRB1*11:01,DQB1*02:02,DQB1*03:19,DPB1*01:01,DPB1*04:01,A*23:01,A*02:01,B*07:02,B*15:03,C*07:02,C*02:10,DRB1*09:01,DRB1*11:01,DQB1*02:02,DQB1*03:19,DPB1*01:01,DPB1*01:01,,,,,,,,,,,,,,,,,,,,,,,,
162,A*02:01,A*26:01,B*40:02,B*14:01,C*02:02,C*08:02,DRB1*07:01,DRB1*01:01,DQB1*02:02,DQB1*05:01,DPB1*10:01,DPB1*02:01,A*02:01,A*02:01,B*40:02,B*56:01,C*02:02,C*01:02,DRB1*07:01,DRB1*11:01,DQB1*02:02,DQB1*03:01,DPB1*10:01,DPB1*23:01,,,,,,,,,,,,,,,,,,,,,,,,
163,A*01:01,A*24:02,B*08:01,B*07:42,C*07:01,C*07:02,DRB1*03:01,DRB1*15:01,DQB1*02:01,DQB1*06:02,DPB1*01:01,DPB1*04:01,A*01:01,A*68:01,B*08:01,B*37:01,C*07:01,C*06:02,DRB1*03:01,DRB1*04:01,DQB1*02:01,DQB1*03:02,DPB1*01:01,DPB1*02:01,,,,,,,,,,,,,,,,,,,,,,,,
164,A*26:01,A*29:02,B*38:01,B*44:03,C*12:03,C*16:01,DRB1*11:04,DRB1*11:01,DQB1*03:01,DQB1*03:01,DPB1*04:02,DPB1*10:01,A*26:01,A*03:01,B*38:01,B*27:05,C*12:03,C*02:02,DRB1*11:04,DRB1*04:01,DQB1*03:01,DQB1*03:01,DPB1*04:02,DPB1*04:01,,,,,,,,,,,,,,,,,,,,,,,,
165,A*68:02,A*29:02,B*15:10,B*07:02,C*03:04,C*07:02,DRB1*08:04,DRB1*15:01,DQB1*03:19,DQB1*06:02,DPB1*584:01,DPB1*04:01,A*68:02,A*29:02,B*15:10,B*07:02,C*03:04,C*07:02,DRB1*08:04,DRB1*15:01,DQB1*03:19,DQB1*06:02,DPB1*584:01,DPB1*04:01,,,,,,,,,,,,,,,,,,,,,,,,
166,A*68:01,A*02:01,B*51:01,B*13:02,C*14:02,C*06:02,DRB1*15:01,DRB1*07:01,DQB1*06:02,DQB1*02:02,DPB1*04:01,DPB1*04:01,A*68:01,A*24:02,B*51:01,B*07:02,C*14:02,C*07:02,DRB1*15:01,DRB1*15:01,DQB1*06:02,DQB1*06:02,DPB1*04:01,DPB1*04:01,,,,,,,,,,,,,,,,,,,,,,,,
167,A*68:01,A*32:01,B*08:01,B*51:01,C*07:02,C*12:03,DRB1*03:01,DRB1*09:01,DQB1*02:01,DQB1*03:03,DPB1*104:01,DPB1*04:01,A*68:01,A*68:01,B*08:01,B*53:01,C*07:02,C*04:01,DRB1*03:01,DRB1*13:03,DQB1*02:01,DQB1*03:01,DPB1*104:01,DPB1*17:01,,,,,,,,,,,,,,,,,,,,,,,,
168,A*01:01,A*24:02,B*08:01,B*44:05,C*07:01,C*02:02,DRB1*03:01,DRB1*13:01,DQB1*02:01,DQB1*06:03,DPB1*09:01,DPB1*17:01,A*01:01,A*24:02,B*08:01,B*18:01,C*07:01,C*07:01,DRB1*03:01,DRB1*01:01,DQB1*02:01,DQB1*05:01,DPB1*09:01,DPB1*04:01,,,,,,,,,,,,,,,,,,,,,,,,
169,A*11:01,A*02:01,B*51:01,B*13:02,C*15:02,C*06:02,DRB1*03:01,DRB1*07:01,DQB1*02:01,DQB1*02:02,DPB1*04:01,DPB1*04:01,A*11:01,A*02:01,B*51:01,B*13:02,C*15:02,C*06:02,DRB1*03:01,DRB1*07:01,DQB1*02:01,DQB1*02:02,DPB1*04:01,DPB1*14:01,,,,,,,,,,,,,,,,,,,,,,,,
170,A*02:01,A*02:01,B*35:01,B*07:02,C*04:01,C*07:02,DRB1*04:07,DRB1*15:01,DQB1*03:01,DQB1*06:02,DPB1*04:01,DPB1*04:01,A*02:01,A*02:01,B*35:01,B*07:02,C*04:01,C*07:02,DRB1*04:07,DRB1*15:01,DQB1*03:01,DQB1*06:02,DPB1*04:01,DPB1*04:02,,,,,,,,,,,,,,,,,,,,,,,,
171,A*24:02,A*02:01,B*13:02,B*14:02,C*06:02,C*08:02,DRB1*07:01,DRB1*01:02,DQB1*02:02,DQB1*05:01,DPB1*17:01,DPB1*04:02,A*24:02,A*26:01,B*13:02,B*51:01,C*06:02,C*15:02,DRB1*07:01,DRB1*11:01,DQB1*02:02,DQB1*03:01,DPB1*17:01,DPB1*23:01,,,,,,,,,,,,,,,,,,,,,,,,
172,A*01:01,A*11:01,B*07:02,B*07:02,C*07:02,C*07:02,DRB1*15:01,DRB1*15:01,DQB1*06:02,DQB1*06:02,DPB1*04:01,DPB1*04:01,A*11:01,A*02:01,B*07:02,B*40:01,C*07:02,C*03:04,DRB1*15:01,DRB1*04:04,DQB1*06:02,DQB1*03:02,DPB1*04:01,DPB1*10:01,,,,,,,,,,,,,,,,,,,,,,,,
173,A*33:03,A*34:01,B*44:03,B*15:35,C*07:06,C*07:02,DRB1*07:01,DRB1*15:02,DQB1*02:02,DQB1*05:01,DPB1*01:01,DPB1*04:01,A*33:03,A*24:02,B*44:03,B*40:01,C*07:06,C*03:04,DRB1*07:01,DRB1*15:02,DQB1*02:02,DQB1*05:01,DPB1*01:01,DPB1*04:01,,,,,,,,,,,,,,,,,,,,,,,,
174,A*26:01,A*01:01,B*38:01,B*08:01,C*12:03,C*07:01,DRB1*13:01,DRB1*03:01,DQB1*06:03,DQB1*02:01,DPB1*04:01,DPB1*04:01,A*26:01,A*03:01,B*38:01,B*13:02,C*12:03,C*06:02,DRB1*13:01,DRB1*07:01,DQB1*06:03,DQB1*02:02,DPB1*04:01,DPB1*05:01,,,,,,,,,,,,,,,,,,,,,,,,
175,A*24:02,A*02:01,B*08:01,B*18:01,C*07:01,C*07:01,DRB1*03:01,DRB1*11:04,DQB1*02:01,DQB1*03:01,DPB1*04:01,DPB1*04:01,A*24:02,A*03:01,B*08:01,B*44:02,C*07:01,C*05:01,DRB1*03:01,DRB1*13:01,DQB1*02:01,DQB1*06:03,DPB1*04:01,DPB1*04:01,,,,,,,,,,,,,,,,,,,,,,,,
176,A*30:01,A*32:01,B*13:02,B*18:01,C*06:02,C*02:02,DRB1*04:04,DRB1*11:01,DQB1*03:02,DQB1*03:01,DPB1*03:01,DPB1*04:01,A*30:01,A*01:01,B*13:02,B*08:01,C*06:02,C*07:01,DRB1*04:04,DRB1*03:01,DQB1*03:02,DQB1*02:01,DPB1*03:01,DPB1*01:01,,,,,,,,,,,,,,,,,,,,,,,,
177,A*68:01,A*03:01,B*39:06,B*40:01,C*07:02,C*03:04,DRB1*04:04,DRB1*15:01,DQB1*03:02,DQB1*06:02,DPB1*06:01,DPB1*04:01,A*68:01,A*02:01,B*39:06,B*40:01,C*07:02,C*03:04,DRB1*04:04,DRB1*13:01,DQB1*03:02,DQB1*06:03,DPB1*06:01,DPB1*02:01,,,,,,,,,,,,,,,,,,,,,,,,
178,A*66:03,A*30:01,B*44:03,B*15:10,C*04:01,C*03:04,DRB1*04:05,DRB1*01:02,DQB1*03:02,DQB1*05:01,DPB1*01:01,DPB1*01:01,A*66:03,A*03:01,B*44:03,B*35:01,C*04:01,C*06:02,DRB1*04:05,DRB1*10:01,DQB1*03:02,DQB1*05:01,DPB1*01:01,DPB1*131:01,,,,,,,,,,,,,,,,,,,,,,,,
179,A*68:01,A*68:01,B*35:01,B*35:01,C*04:01,C*04:01,DRB1*13:01,DRB1*13:01,DQB1*06:03,DQB1*06:03,DPB1*14:01,DPB1*14:01,A*68:01,A*11:01,B*35:01,B*35:01,C*04:01,C*04:01,DRB1*13:01,DRB1*15:02,DQB1*06:03,DQB1*05:03,DPB1*14:01,DPB1*13:01,,,,,,,,,,,,,,,,,,,,,,,,
180,A*32:01,A*24:02,B*15:01,B*35:03,C*03:03,C*04:01,DRB1*11:01,DRB1*16:01,DQB1*03:01,DQB1*05:02,DPB1*02:01,DPB1*04:01,A*31:01,A*24:02,B*51:22,B*35:03,C*14:02,C*04:01,DRB1*08:01,DRB1*16:01,DQB1*04:02,DQB1*05:02,DPB1*02:01,DPB1*04:01,,,,,,,,,,,,,,,,,,,,,,,,
181,A*02:01,A*03:01,B*37:01,B*27:05,C*06:02,C*01:02,DRB1*10:01,DRB1*01:01,DQB1*05:01,DQB1*05:01,DPB1*02:01,DPB1*04:01,A*02:01,A*02:01,B*37:01,B*27:05,C*06:02,C*02:02,DRB1*10:01,DRB1*12:01,DQB1*05:01,DQB1*03:01,DPB1*02:01,DPB1*04:02,,,,,,,,,,,,,,,,,,,,,,,,
182,A*24:02,A*02:01,B*40:06,B*18:01,C*12:02,C*12:03,DRB1*12:02,DRB1*04:01,DQB1*03:01,DQB1*03:02,DPB1*02:01,DPB1*02:01,A*24:02,A*11:01,B*40:06,B*13:01,C*12:02,C*03:04,DRB1*12:02,DRB1*04:05,DQB1*03:01,DQB1*04:01,DPB1*02:01,DPB1*03:01,,,,,,,,,,,,,,,,,,,,,,,,
183,A*03:01,A*03:01,B*39:01,B*07:02,C*07:02,C*07:02,DRB1*07:01,DRB1*07:01,DQB1*03:03,DQB1*02:02,DPB1*04:01,DPB1*03:01,A*03:01,A*02:01,B*39:01,B*38:01,C*07:02,C*12:03,DRB1*07:01,DRB1*11:01,DQB1*03:03,DQB1*03:01,DPB1*04:01,DPB1*04:01,,,,,,,,,,,,,,,,,,,,,,,,
184,A*24:02,A*01:01,B*07:02,B*08:01,C*07:02,C*07:02,DRB1*14:54,DRB1*11:04,DQB1*05:03,DQB1*03:01,DPB1*02:01,DPB1*17:01,A*24:02,A*01:01,B*07:02,B*08:01,C*07:02,C*07:01,DRB1*14:54,DRB1*11:04,DQB1*05:03,DQB1*03:01,DPB1*10:01,DPB1*124:01,,,,,,,,,,,,,,,,,,,,,,,,
185,A*26:01,A*24:02,B*18:01,B*51:01,C*07:01,C*01:02,DRB1*11:04,DRB1*14:54,DQB1*03:01,DQB1*05:01,DPB1*04:01,DPB1*14:01,A*26:01,A*30:02,B*18:01,B*18:01,C*07:01,C*05:01,DRB1*11:04,DRB1*07:01,DQB1*03:01,DQB1*02:02,DPB1*04:01,DPB1*17:01,,,,,,,,,,,,,,,,,,,,,,,,
186,A*02:01,A*34:02,B*15:03,B*44:03,C*02:10,C*07:06,DRB1*11:01,DRB1*13:02,DQB1*03:19,DQB1*06:09,DPB1*131:01,DPB1*104:01,A*02:01,A*30:02,B*15:03,B*56:01,C*02:10,C*01:02,DRB1*11:01,DRB1*01:01,DQB1*03:19,DQB1*05:01,DPB1*131:01,DPB1*131:01,,,,,,,,,,,,,,,,,,,,,,,,
187,A*02:01,A*24:02,B*15:01,B*50:01,C*03:03,C*06:02,DRB1*13:01,DRB1*07:01,DQB1*06:03,DQB1*02:02,DPB1*04:01,DPB1*02:01,A*02:01,A*24:02,B*15:01,B*50:01,C*03:03,C*06:02,DRB1*13:01,DRB1*07:01,DQB1*06:03,DQB1*02:02,DPB1*03:01,DPB1*06:01,,,,,,,,,,,,,,,,,,,,,,,,
188,A*23:11,A*03:01,B*53:01,B*51:01,C*04:01,C*15:02,DRB1*13:03,DRB1*13:02,DQB1*02:02,DQB1*06:04,DPB1*04:01,DPB1*03:01,A*03:01,A*33:01,B*51:01,B*14:02,C*15:02,C*08:02,DRB1*13:02,DRB1*03:01,DQB1*06:04,DQB1*02:01,DPB1*03:01,DPB1*04:01,,,,,,,,,,,,,,,,,,,,,,,,
189,A*24:02,A*03:01,B*07:02,B*14:02,C*15:02,C*08:02,DRB1*15:01,DRB1*07:01,DQB1*06:02,DQB1*02:02,DPB1*04:01,DPB1*15:01,A*24:02,A*29:02,B*07:02,B*44:03,C*15:02,C*16:01,DRB1*15:01,DRB1*07:01,DQB1*06:02,DQB1*02:02,DPB1*04:01,DPB1*01:01,,,,,,,,,,,,,,,,,,,,,,,,
190,A*02:01,A*68:02,B*13:02,B*27:03,C*06:02,C*02:02,DRB1*07:01,DRB1*08:01,DQB1*02:02,DQB1*04:02,DPB1*04:01,DPB1*10:01,A*02:01,A*68:02,B*13:02,B*27:03,C*06:02,C*02:02,DRB1*07:01,DRB1*08:01,DQB1*02:02,DQB1*04:02,DPB1*03:01,DPB1*10:01,,,,,,,,,,,,,,,,,,,,,,,,
191,A*24:02,A*02:01,B*15:01,B*44:05,C*03:03,C*02:02,DRB1*16:01,DRB1*11:03,DQB1*05:02,DQB1*03:01,DPB1*04:01,DPB1*04:02,A*24:02,A*02:01,B*15:01,B*44:05,C*03:03,C*02:02,DRB1*16:01,DRB1*11:03,DQB1*05:02,DQB1*03:01,DPB1*04:01,DPB1*04:02,,,,,,,,,,,,,,,,,,,,,,,,
192,A*01:01,A*01:01,B*08:01,B*08:01,C*07:01,C*07:01,DRB1*03:01,DRB1*07:01,DQB1*02:01,DQB1*02:02,DPB1*01:01,DPB1*04:01,A*01:01,A*29:02,B*08:01,B*40:01,C*07:01,C*03:04,DRB1*03:01,DRB1*04:04,DQB1*02:01,DQB1*03:01,DPB1*01:01,DPB1*06:01,,,,,,,,,,,,,,,,,,,,,,,,
193,A*01:01,A*24:02,B*08:01,B*18:01,C*07:01,C*07:01,DRB1*03:01,DRB1*10:01,DQB1*02:01,DQB1*05:01,DPB1*01:01,DPB1*03:01,A*01:01,A*02:01,B*08:01,B*15:01,C*07:01,C*03:03,DRB1*03:01,DRB1*11:01,DQB1*02:01,DQB1*03:01,DPB1*01:01,DPB1*04:02,,,,,,,,,,,,,,,,,,,,,,,,
194,A*01:01,A*11:01,B*08:01,B*35:01,C*07:01,C*04:01,DRB1*03:01,DRB1*07:01,DQB1*02:01,DQB1*02:02,DPB1*01:01,DPB1*02:01,A*01:01,A*02:02,B*08:01,B*53:01,C*07:01,C*04:01,DRB1*03:01,DRB1*08:04,DQB1*02:01,DQB1*03:19,DPB1*01:01,DPB1*417:01,,,,,,,,,,,,,,,,,,,,,,,,
195,A*03:01,A*01:01,B*14:02,B*08:01,C*08:02,C*07:01,DRB1*01:02,DRB1*03:01,DQB1*05:01,DQB1*02:01,DPB1*04:01,DPB1*04:01,A*03:01,A*68:01,B*14:02,B*44:02,C*08:02,C*05:01,DRB1*01:02,DRB1*03:01,DQB1*05:01,DQB1*02:01,DPB1*04:01,DPB1*04:01,,,,,,,,,,,,,,,,,,,,,,,,
196,A*03:01,A*03:01,B*07:02,B*27:05,C*07:02,C*03:03,DRB1*15:01,DRB1*13:01,DQB1*06:02,DQB1*06:03,DPB1*04:01,DPB1*15:01,A*03:01,A*32:01,B*07:02,B*15:01,C*07:02,C*04:01,DRB1*15:01,DRB1*01:01,DQB1*06:02,DQB1*05:01,DPB1*04:01,DPB1*02:01,,,,,,,,,,,,,,,,,,,,,,,,
